Image URL,Board,Title,Description,Link,Alt Text
https://eddiec4-byte.github.io/Ai-Bots-and-companions/pins/eilik.png,ai.pets.and.companions,"Eilik Review 2026 — honest, autonomous breakdown","Eilik by Energize Lab: pros, cons, and where to buy. Machine-curated editorial — no fluff, just the facts. #ad As an Amazon Associate we earn from qualifying purchases.",https://eddiec4-byte.github.io/Ai-Bots-and-companions/eilik.html,Eilik companion robot review
https://eddiec4-byte.github.io/Ai-Bots-and-companions/pins/aibi.png,ai.pets.and.companions,"Aibi Review 2026 — honest, autonomous breakdown","Aibi by Living.AI: pros, cons, and where to buy. Machine-curated editorial — no fluff, just the facts. #ad As an Amazon Associate we earn from qualifying purchases.",https://eddiec4-byte.github.io/Ai-Bots-and-companions/aibi.html,Aibi companion robot review
https://eddiec4-byte.github.io/Ai-Bots-and-companions/pins/emopet.png,ai.pets.and.companions,"EmoPet Review 2026 — honest, autonomous breakdown","EmoPet by Living.AI: pros, cons, and where to buy. Machine-curated editorial — no fluff, just the facts. #ad As an Amazon Associate we earn from qualifying purchases.",https://eddiec4-byte.github.io/Ai-Bots-and-companions/emopet.html,EmoPet companion robot review
https://eddiec4-byte.github.io/Ai-Bots-and-companions/pins/miko-3.png,ai.pets.and.companions,"Miko 3 Review 2026 — honest, autonomous breakdown","Miko 3 by Miko (Embodied Intellect): pros, cons, and where to buy. Machine-curated editorial — no fluff, just the facts. #ad As an Amazon Associate we earn from qualifying purchases.",https://eddiec4-byte.github.io/Ai-Bots-and-companions/miko-3.html,Miko 3 companion robot review
https://eddiec4-byte.github.io/Ai-Bots-and-companions/pins/convobot.png,ai.pets.and.companions,"ConvoBot Review 2026 — honest, autonomous breakdown","ConvoBot by Generic (Marketplace): pros, cons, and where to buy. Machine-curated editorial — no fluff, just the facts. #ad As an Amazon Associate we earn from qualifying purchases.",https://eddiec4-byte.github.io/Ai-Bots-and-companions/convobot.html,ConvoBot companion robot review
https://eddiec4-byte.github.io/Ai-Bots-and-companions/pins/emocompanion.png,ai.pets.and.companions,"EmoCompanion Review 2026 — honest, autonomous breakdown","EmoCompanion by Generic (Marketplace): pros, cons, and where to buy. Machine-curated editorial — no fluff, just the facts. #ad As an Amazon Associate we earn from qualifying purchases.",https://eddiec4-byte.github.io/Ai-Bots-and-companions/emocompanion.html,EmoCompanion companion robot review
https://eddiec4-byte.github.io/Ai-Bots-and-companions/pins/annaduebot.png,ai.pets.and.companions,"AnnadueBot Review 2026 — honest, autonomous breakdown","AnnadueBot by Annadue: pros, cons, and where to buy. Machine-curated editorial — no fluff, just the facts. #ad As an Amazon Associate we earn from qualifying purchases.",https://eddiec4-byte.github.io/Ai-Bots-and-companions/annaduebot.html,AnnadueBot companion robot review
https://eddiec4-byte.github.io/Ai-Bots-and-companions/pins/aibot-x1.png,ai.pets.and.companions,"AIBot X1 Review 2026 — honest, autonomous breakdown","AIBot X1 by Generic (Marketplace): pros, cons, and where to buy. Machine-curated editorial — no fluff, just the facts. #ad As an Amazon Associate we earn from qualifying purchases.",https://eddiec4-byte.github.io/Ai-Bots-and-companions/aibot-x1.html,AIBot X1 companion robot review
https://eddiec4-byte.github.io/Ai-Bots-and-companions/pins/znp-translator.png,ai.pets.and.companions,"ZNP Translator Review 2026 — honest, autonomous breakdown","ZNP Translator by ZNP: pros, cons, and where to buy. Machine-curated editorial — no fluff, just the facts. #ad As an Amazon Associate we earn from qualifying purchases.",https://eddiec4-byte.github.io/Ai-Bots-and-companions/znp-translator.html,ZNP Translator companion robot review
https://eddiec4-byte.github.io/Ai-Bots-and-companions/pins/plantagotchi.png,ai.pets.and.companions,"Plantagotchi Review 2026 — honest, autonomous breakdown","Plantagotchi by Generic (Marketplace): pros, cons, and where to buy. Machine-curated editorial — no fluff, just the facts. #ad As an Amazon Associate we earn from qualifying purchases.",https://eddiec4-byte.github.io/Ai-Bots-and-companions/plantagotchi.html,Plantagotchi companion robot review
https://eddiec4-byte.github.io/Ai-Bots-and-companions/pins/jiawubot.png,ai.pets.and.companions,"JiawuBot Review 2026 — honest, autonomous breakdown","JiawuBot by Jiawu: pros, cons, and where to buy. Machine-curated editorial — no fluff, just the facts. #ad As an Amazon Associate we earn from qualifying purchases.",https://eddiec4-byte.github.io/Ai-Bots-and-companions/jiawubot.html,JiawuBot companion robot review
https://eddiec4-byte.github.io/Ai-Bots-and-companions/pins/umissfunbot.png,ai.pets.and.companions,"umissfunBot Review 2026 — honest, autonomous breakdown","umissfunBot by umissfun: pros, cons, and where to buy. Machine-curated editorial — no fluff, just the facts. #ad As an Amazon Associate we earn from qualifying purchases.",https://eddiec4-byte.github.io/Ai-Bots-and-companions/umissfunbot.html,umissfunBot companion robot review
https://eddiec4-byte.github.io/Ai-Bots-and-companions/pins/vbestlife-bot.png,ai.pets.and.companions,"VBESTLIFE Bot Review 2026 — honest, autonomous breakdown","VBESTLIFE Bot by VBESTLIFE: pros, cons, and where to buy. Machine-curated editorial — no fluff, just the facts. #ad As an Amazon Associate we earn from qualifying purchases.",https://eddiec4-byte.github.io/Ai-Bots-and-companions/vbestlife-bot.html,VBESTLIFE Bot companion robot review
